{
	"id": "d93af2f9-e34a-4c5a-b5f8-f0ebcc2712dc",
	"name": "OCI_Environment",
	"values": [
		{
			"key": "tenancyId",
			"value": "",
			"enabled": true
		},
		{
			"key": "authUserId",
			"value": "",
			"enabled": true
		},
		{
			"key": "keyFingerprint",
			"value": "",
			"enabled": true
		},
		{
			"key": "privateKey",
			"value": "-----BEGIN RSA PRIVATE KEY-----.....................-----END RSA PRIVATE KEY-----",
			"enabled": true
		},
		{
			"key": "passphrase",
			"value": "",
			"enabled": true
		},
		{
			"key": "date",
			"value": "",
			"enabled": true
		},
		{
			"key": "authorization",
			"value": "",
			"enabled": true
		},
		{
			"key": "content_sha256",
			"value": "",
			"enabled": true
		},
		{
			"key": "length",
			"value": "",
			"enabled": true
		}
	],
	"_postman_variable_scope": "environment",
	"_postman_exported_at": "2019-05-31T13:35:32.789Z",
	"_postman_exported_using": "Postman/7.1.1"
}